{"cameraMode":{"drawMode":0,"name":"Shaded","section":"Shading Mode"},"sceneLighting":true,"audioPlay":false,"sceneViewState":{"m_AlwaysRefresh":false,"showFog":true,"showSkybox":true,"showFlares":true,"showImageEffects":true,"showParticleSystems":true,"showVisualEffectGraphs":true,"m_FxEnabled":true},"in2DMode":false,"pivot":{"x":-2.49983811378479,"y":0.000001091751300918986,"z":-10.817550659179688},"rotation":{"x":0.0059998915530741219,"y":0.003898122813552618,"z":-0.000023368656911770813,"w":0.9999740719795227},"size":6.814648151397705,"orthographic":true}